	row_idx	variable	value
1	113	1	1
2	171	3	1
3	328	4	1
4	431	5	1
5	34	6	1
6	125	7	1
7	460	8	1
8	122	9	1
9	65	10	1
10	367	10	1
11	424	11	1
12	494	11	1
13	495	11	1
14	986	11	1
15	1164	11	1
16	1165	11	1
17	1166	11	1
18	27	12	1
19	50	12	1
20	72	13	1
21	274	13	1
22	303	13	1
23	422	13	1
24	461	13	1
25	988	13	1
26	989	13	1
27	990	13	1
28	1167	13	1
29	1168	13	1
30	1169	13	1
31	1170	13	1
32	1171	13	1
33	99	14	1
34	279	16	1
35	367	16	1
36	431	16	1
37	923	16	1
38	925	16	1
39	27	17	1
40	244	17	1
41	279	17	1
42	310	17	1
43	359	17	1
44	363	17	1
45	431	17	1
46	443	17	1
47	99	18	1
48	395	18	1
49	120	20	1
50	7	24	1
51	280	24	1
52	425	24	1
53	547	24	1
54	27	25	1
55	50	25	1
56	323	25	1
57	103	26	1
58	1149	26	1
59	1150	26	1
60	49	27	1
61	190	28	1
62	65	29	1
63	59	31	1
64	44	32	1
65	83	32	1
66	115	32	1
67	238	32	1
68	378	32	1
69	402	32	1
70	289	33	1
71	329	33	1
72	431	35	1
73	166	36	1
74	224	36	1
75	264	36	1
76	369	36	1
77	375	36	1
78	462	36	1
79	427	37	1
80	116	39	1
81	365	39	1
82	403	39	1
83	328	41	1
84	291	42	1
85	318	42	1
86	362	42	1
87	453	42	1
88	461	42	1
89	204	43	1
90	72	44	1
91	274	44	1
92	303	44	1
93	422	44	1
94	461	44	1
95	988	44	1
96	989	44	1
97	990	44	1
98	1167	44	1
99	1168	44	1
100	1169	44	1
101	1170	44	1
102	1171	44	1
103	143	47	1
104	187	47	1
105	316	47	1
106	109	48	1
107	13	49	1
108	27	49	1
109	50	49	1
110	84	49	1
111	140	49	1
112	165	49	1
113	166	49	1
114	176	49	1
115	195	49	1
116	222	49	1
117	233	49	1
118	257	49	1
119	289	49	1
120	310	49	1
121	323	49	1
122	327	49	1
123	329	49	1
124	331	49	1
125	369	49	1
126	375	49	1
127	436	49	1
128	462	49	1
129	562	49	1
130	166	50	1
131	224	50	1
132	257	50	1
133	310	50	1
134	369	50	1
135	13	51	1
136	84	51	1
137	165	51	1
138	166	51	1
139	195	51	1
140	222	51	1
141	224	51	1
142	257	51	1
143	310	51	1
144	327	51	1
145	331	51	1
146	369	51	1
147	375	51	1
148	436	51	1
149	462	51	1
150	109	53	1
151	239	55	1
152	99	58	1
153	395	58	1
154	13	59	1
155	84	59	1
156	165	59	1
157	166	59	1
158	195	59	1
159	222	59	1
160	224	59	1
161	257	59	1
162	310	59	1
163	327	59	1
164	331	59	1
165	375	59	1
166	436	59	1
167	462	59	1
168	184	61	1
169	312	61	1
170	461	61	1
171	49	62	1
172	427	62	1
173	7	63	1
174	103	63	1
175	136	63	1
176	280	63	1
177	547	63	1
178	697	63	1
179	29	64	1
180	27	65	1
181	50	65	1
182	109	65	1
183	323	65	1
184	1174	65	1
185	1175	65	1
186	100	66	1
187	109	66	1
188	441	66	1
189	449	67	1
190	483	69	1
191	513	69	1
192	279	70	1
193	367	70	1
194	431	70	1
195	347	71	1
196	245	72	1
197	460	72	1
198	279	73	1
199	431	73	1
200	327	75	1
201	461	75	1
202	186	76	1
203	244	77	1
204	359	77	1
205	443	77	1
206	100	78	1
207	35	79	1
208	100	79	1
209	44	83	1
210	238	83	1
211	402	83	1
212	49	84	1
213	89	84	1
214	249	84	1
215	403	84	1
216	290	85	1
217	274	86	1
218	303	86	1
219	461	86	1
220	473	86	1
221	476	86	1
222	494	86	1
223	986	86	1
224	145	87	1
225	166	88	1
226	264	88	1
227	375	88	1
228	462	88	1
229	11	89	1
230	151	89	1
231	441	90	1
232	244	91	1
233	359	91	1
234	443	91	1
235	165	93	1
236	224	93	1
237	375	93	1
238	462	93	1
239	27	94	1
240	50	94	1
241	140	94	1
242	165	94	1
243	166	94	1
244	233	94	1
245	244	94	1
246	257	94	1
247	279	94	1
248	289	94	1
249	323	94	1
250	359	94	1
251	408	94	1
252	431	94	1
253	453	94	1
254	529	94	1
255	636	94	1
256	1174	94	1
257	1175	94	1
258	858	95	1
259	460	96	1
260	244	97	1
261	359	97	1
262	443	97	1
263	11	98	1
264	120	98	1
265	151	98	1
266	815	98	1
267	244	101	1
268	363	101	1
269	443	101	1
270	13	102	1
271	27	102	1
272	50	102	1
273	84	102	1
274	140	102	1
275	165	102	1
276	166	102	1
277	176	102	1
278	195	102	1
279	222	102	1
280	233	102	1
281	257	102	1
282	289	102	1
283	310	102	1
284	323	102	1
285	327	102	1
286	329	102	1
287	331	102	1
288	369	102	1
289	375	102	1
290	436	102	1
291	462	102	1
292	562	102	1
293	99	103	1
294	396	104	1
295	1012	104	1
296	279	109	1
297	431	109	1
298	289	110	1
299	329	110	1
300	408	110	1
301	72	111	1
302	274	111	1
303	303	111	1
304	461	111	1
305	988	111	1
306	989	111	1
307	990	111	1
308	1167	111	1
309	1168	111	1
310	1169	111	1
311	1170	111	1
312	1171	111	1
313	11	112	1
314	365	112	1
315	321	113	1
316	460	113	1
317	318	115	1
318	859	116	1
319	547	117	1
320	82	119	1
321	13	121	1
322	27	121	1
323	50	121	1
324	140	121	1
325	165	121	1
326	166	121	1
327	176	121	1
328	195	121	1
329	222	121	1
330	233	121	1
331	257	121	1
332	289	121	1
333	310	121	1
334	323	121	1
335	327	121	1
336	329	121	1
337	331	121	1
338	369	121	1
339	375	121	1
340	380	121	1
341	436	121	1
342	462	121	1
343	562	121	1
344	68	123	1
345	74	123	1
346	321	123	1
347	99	124	1
348	165	124	1
349	195	124	1
350	289	124	1
351	327	124	1
352	329	124	1
353	395	124	1
354	408	124	1
355	614	124	1
356	165	126	1
357	176	126	1
358	257	126	1
359	310	126	1
360	359	126	1
361	274	127	1
362	303	127	1
363	461	127	1
364	99	128	1
365	395	128	1
366	59	129	1
367	272	129	1
368	609	129	1
369	27	131	1
370	50	131	1
371	140	131	1
372	233	131	1
373	323	131	1
374	176	132	1
375	109	133	1
376	1203	133	1
377	249	134	1
378	941	134	1
379	994	134	1
380	995	134	1
381	999	134	1
382	247	135	1
383	917	135	1
384	15	136	1
385	107	136	1
386	286	136	1
387	287	136	1
388	289	137	1
389	329	137	1
390	408	137	1
391	419	138	1
392	249	139	1
393	381	139	1
394	994	139	1
395	995	139	1
396	996	139	1
397	997	139	1
398	998	139	1
399	999	139	1
400	1203	139	1
401	68	141	1
402	321	141	1
403	381	141	1
404	14	142	1
405	86	142	1
406	114	142	1
407	209	142	1
408	259	142	1
409	249	144	1
410	994	144	1
411	995	144	1
412	999	144	1
413	72	145	1
414	274	145	1
415	303	145	1
416	422	145	1
417	461	145	1
418	988	145	1
419	989	145	1
420	990	145	1
421	1167	145	1
422	1168	145	1
423	1169	145	1
424	1170	145	1
425	1171	145	1
426	13	146	1
427	257	146	1
428	310	146	1
429	436	146	1
430	50	147	1
431	323	147	1
432	424	147	1
433	120	148	1
434	13	149	1
435	84	149	1
436	165	149	1
437	166	149	1
438	195	149	1
439	222	149	1
440	224	149	1
441	257	149	1
442	310	149	1
443	327	149	1
444	331	149	1
445	375	149	1
446	436	149	1
447	462	149	1
448	274	152	1
449	303	152	1
450	461	152	1
451	473	152	1
452	476	152	1
453	494	152	1
454	986	152	1
455	74	154	1
456	381	154	1
457	279	155	1
458	367	155	1
459	431	155	1
460	303	157	1
461	461	157	1
462	428	159	1
463	988	159	1
464	436	160	1
465	27	161	1
466	50	161	1
467	257	161	1
468	310	161	1
469	323	161	1
470	328	164	1
471	186	165	1
472	190	165	1
473	186	166	1
474	187	166	1
475	427	168	1
476	165	171	1
477	289	171	1
478	395	171	1
479	917	171	1
480	289	172	1
481	436	172	1
482	207	173	1
483	226	173	1
484	241	173	1
485	359	173	1
486	49	175	1
487	289	175	1
488	329	175	1
489	408	175	1
490	27	176	1
491	50	176	1
492	140	176	1
493	233	176	1
494	257	176	1
495	279	176	1
496	289	176	1
497	323	176	1
498	408	176	1
499	431	176	1
500	1174	176	1
501	1175	176	1
502	44	177	1
503	83	177	1
504	115	177	1
505	171	177	1
506	238	177	1
507	378	177	1
508	402	177	1
509	11	179	1
510	151	179	1
511	11	180	1
512	151	180	1
513	141	181	1
514	431	182	1
515	461	183	1
516	72	184	1
517	274	184	1
518	303	184	1
519	461	184	1
520	988	184	1
521	989	184	1
522	990	184	1
523	1167	184	1
524	1168	184	1
525	1169	184	1
526	1170	184	1
527	1171	184	1
528	279	185	1
529	367	185	1
530	431	185	1
531	13	186	1
532	166	186	1
533	257	186	1
534	289	186	1
535	329	186	1
536	436	186	1
537	151	189	1
538	68	190	1
539	458	190	1
540	151	191	1
541	165	192	1
542	195	192	1
543	327	192	1
544	49	195	1
545	99	195	1
546	395	195	1
547	166	196	1
548	436	196	1
549	483	197	1
550	513	197	1
551	125	198	1
552	858	200	1
553	27	202	1
554	50	202	1
555	140	202	1
556	233	202	1
557	323	202	1
558	244	203	1
559	359	203	1
560	443	203	1
561	74	204	1
562	1203	204	1
563	11	205	1
564	151	205	1
565	61	206	1
566	13	207	1
567	241	207	1
568	257	207	1
569	331	207	1
570	436	207	1
571	125	212	1
572	99	214	1
573	395	214	1
574	243	215	1
575	441	218	1
576	571	218	1
577	109	220	1
578	151	221	1
579	427	223	1
580	68	225	1
581	27	226	1
582	50	226	1
583	140	226	1
584	166	226	1
585	233	226	1
586	257	226	1
587	279	226	1
588	289	226	1
589	323	226	1
590	408	226	1
591	431	226	1
592	82	227	1
593	125	228	1
594	13	229	1
595	50	229	1
596	165	229	1
597	279	229	1
598	289	229	1
599	431	229	1
600	436	229	1
601	461	229	1
602	460	230	1
603	292	233	1
604	11	234	1
605	151	234	1
606	853	235	1
607	1162	239	1
608	1163	239	1
609	190	240	1
610	109	241	1
611	99	243	1
612	166	243	1
613	395	243	1
614	462	243	1
615	614	243	1
616	27	244	1
617	50	244	1
618	140	244	1
619	233	244	1
620	323	244	1
621	11	245	1
622	151	245	1
623	165	246	1
624	195	246	1
625	327	246	1
626	151	248	1
627	61	251	1
628	11	252	1
629	141	252	1
630	151	252	1
631	202	252	1
632	529	252	1
633	815	252	1
634	855	252	1
635	49	253	1
636	289	253	1
637	329	253	1
638	408	253	1
639	460	254	1
640	277	255	1
641	15	256	1
642	107	256	1
643	202	256	1
644	286	256	1
645	287	256	1
646	99	258	1
647	289	258	1
648	329	258	1
649	395	258	1
650	989	260	1
651	68	261	1
652	321	261	1
653	11	262	1
654	151	262	1
655	609	262	1
656	647	262	1
657	401	263	1
658	723	263	1
659	244	265	1
660	359	265	1
661	443	265	1
662	99	266	1
663	395	266	1
664	8	269	1
665	114	269	1
666	259	269	1
667	496	269	1
668	497	269	1
669	636	269	1
670	460	270	1
671	74	271	1
672	27	272	1
673	50	272	1
674	140	272	1
675	233	272	1
676	242	272	1
677	249	272	1
678	289	272	1
679	323	272	1
680	329	272	1
681	408	272	1
682	994	272	1
683	999	272	1
684	1152	272	1
685	13	273	1
686	242	273	1
687	436	273	1
688	74	274	1
689	449	276	1
690	187	277	1
691	316	277	1
692	165	278	1
693	460	279	1
694	7	280	1
695	136	280	1
696	547	280	1
697	328	281	1
698	186	282	1
699	190	282	1
700	418	284	1
701	186	286	1
702	7	287	1
703	280	287	1
704	547	287	1
705	697	287	1
706	766	287	1
707	359	288	1
708	443	288	1
709	347	289	1
710	165	290	1
711	166	290	1
712	257	290	1
713	289	290	1
714	310	290	1
715	431	290	1
716	424	291	1
717	363	292	1
718	738	292	1
719	49	293	1
720	109	293	1
721	204	293	1
722	249	293	1
723	277	293	1
724	403	293	1
725	431	293	1
726	941	293	1
727	994	293	1
728	995	293	1
729	996	293	1
730	997	293	1
731	998	293	1
732	999	293	1
733	74	294	1
734	99	295	1
735	165	295	1
736	289	295	1
737	327	295	1
738	329	295	1
739	395	295	1
740	408	295	1
741	166	296	1
742	264	296	1
743	375	296	1
744	462	296	1
745	116	298	1
746	219	299	1
747	247	300	1
748	424	300	1
749	494	300	1
750	495	300	1
751	917	300	1
752	986	300	1
753	1164	300	1
754	1165	300	1
755	1166	300	1
756	68	301	1
757	458	301	1
758	34	302	1
759	13	303	1
760	49	303	1
761	257	303	1
762	289	303	1
763	329	303	1
764	436	303	1
765	109	304	1
766	72	307	1
767	274	307	1
768	303	307	1
769	461	307	1
770	988	307	1
771	989	307	1
772	990	307	1
773	1167	307	1
774	1168	307	1
775	1169	307	1
776	1170	307	1
777	1171	307	1
778	427	309	1
779	74	310	1
780	381	310	1
781	460	310	1
782	72	311	1
783	274	311	1
784	303	311	1
785	461	311	1
786	988	311	1
787	989	311	1
788	990	311	1
789	1167	311	1
790	1168	311	1
791	1169	311	1
792	1170	311	1
793	1171	311	1
794	125	312	1
795	165	313	1
796	289	313	1
797	427	315	1
798	184	316	1
799	290	316	1
800	165	317	1
801	257	317	1
802	279	317	1
803	289	317	1
804	327	317	1
805	329	317	1
806	375	317	1
807	408	317	1
808	436	317	1
809	462	317	1
810	165	318	1
811	195	318	1
812	327	318	1
813	381	320	1
814	184	322	1
815	312	322	1
816	244	323	1
817	359	323	1
818	443	323	1
819	289	325	1
820	329	325	1
821	408	325	1
822	244	326	1
823	359	326	1
824	443	326	1
825	11	328	1
826	151	328	1
827	13	330	1
828	84	330	1
829	165	330	1
830	166	330	1
831	195	330	1
832	222	330	1
833	224	330	1
834	257	330	1
835	310	330	1
836	327	330	1
837	331	330	1
838	375	330	1
839	380	330	1
840	436	330	1
841	462	330	1
842	27	331	1
843	50	331	1
844	140	331	1
845	233	331	1
846	257	331	1
847	279	331	1
848	323	331	1
849	431	331	1
850	100	333	1
851	176	333	1
852	363	333	1
853	367	333	1
854	424	333	1
855	90	334	1
856	320	335	1
857	176	336	1
858	323	336	1
859	424	336	1
860	116	338	1
861	120	338	1
862	424	339	1
863	247	340	1
864	917	340	1
865	13	341	1
866	165	341	1
867	166	341	1
868	195	341	1
869	222	341	1
870	257	341	1
871	289	341	1
872	310	341	1
873	327	341	1
874	329	341	1
875	331	341	1
876	375	341	1
877	436	341	1
878	20	342	1
879	109	342	1
880	329	344	1
881	367	344	1
882	11	345	1
883	151	345	1
884	238	345	1
885	109	346	1
886	61	347	1
887	165	347	1
888	257	347	1
889	289	347	1
890	369	347	1
891	242	348	1
892	362	348	1
893	453	348	1
894	461	348	1
895	109	349	1
896	176	351	1
897	59	352	1
898	582	355	1
899	292	356	1
900	917	358	1
901	427	359	1
902	109	360	1
903	145	362	1
904	606	362	1
905	923	362	1
906	925	362	1
907	50	363	1
908	68	364	1
909	458	364	1
910	571	364	1
911	11	365	1
912	151	365	1
913	11	366	1
914	151	366	1
915	125	367	1
916	274	368	1
917	303	368	1
918	461	368	1
919	473	368	1
920	476	368	1
921	494	368	1
922	986	368	1
923	11	369	1
924	20	369	1
925	120	369	1
926	141	369	1
927	151	369	1
928	710	369	1
929	34	370	1
930	44	371	1
931	83	371	1
932	115	371	1
933	378	371	1
934	13	372	1
935	84	372	1
936	165	372	1
937	195	372	1
938	327	372	1
939	443	373	1
940	50	374	1
941	323	374	1
942	7	375	1
943	103	375	1
944	280	375	1
945	547	375	1
946	697	375	1
947	27	377	1
948	50	377	1
949	233	377	1
950	323	377	1
951	50	378	1
952	424	378	1
953	262	379	1
954	244	380	1
955	359	380	1
956	443	380	1
957	11	381	1
958	151	381	1
959	853	382	1
960	855	382	1
961	989	382	1
962	990	382	1
963	184	383	1
964	312	383	1
965	1184	383	1
966	103	384	1
967	79	385	1
968	72	389	1
969	303	389	1
970	422	389	1
971	461	389	1
972	988	389	1
973	989	389	1
974	990	389	1
975	1167	389	1
976	1168	389	1
977	1169	389	1
978	1170	389	1
979	1171	389	1
980	242	390	1
981	289	390	1
982	380	390	1
983	436	390	1
984	622	390	1
985	321	392	1
986	460	392	1
987	27	393	1
988	50	393	1
989	140	393	1
990	233	393	1
991	323	393	1
992	204	394	1
993	242	394	1
994	244	394	1
995	359	394	1
996	443	394	1
997	365	395	1
998	99	396	1
999	395	396	1
1000	72	397	1
1001	274	397	1
1002	303	397	1
1003	461	397	1
1004	988	397	1
1005	989	397	1
1006	990	397	1
1007	1167	397	1
1008	1168	397	1
1009	1169	397	1
1010	1170	397	1
1011	1171	397	1
1012	247	398	1
1013	257	398	1
1014	244	399	1
1015	359	399	1
1016	443	399	1
1017	13	401	1
1018	242	401	1
1019	436	401	1
1020	1151	402	1
1021	460	405	1
1022	11	406	1
1023	151	406	1
1024	103	407	1
1025	1149	407	1
1026	1150	407	1
1027	61	408	1
1028	396	409	1
1029	109	410	1
1030	184	411	1
1031	312	411	1
1032	11	412	1
1033	151	412	1
1034	395	413	1
1035	96	414	1
1036	167	414	1
1037	34	416	1
1038	125	419	1
1039	320	420	1
1040	290	421	1
1041	176	422	1
1042	460	423	1
1043	72	424	1
1044	274	424	1
1045	303	424	1
1046	422	424	1
1047	461	424	1
1048	988	424	1
1049	989	424	1
1050	990	424	1
1051	1167	424	1
1052	1168	424	1
1053	1169	424	1
1054	1170	424	1
1055	1171	424	1
1056	363	425	1
1057	428	425	1
1058	461	425	1
1059	244	426	1
1060	359	426	1
1061	443	426	1
1062	143	427	1
1063	290	428	1
1064	419	428	1
1065	46	429	1
1066	166	429	1
1067	176	429	1
1068	443	429	1
1069	462	429	1
1070	35	430	1
1071	347	430	1
1072	1007	430	1
1073	50	432	1
1074	100	432	1
1075	109	432	1
1076	279	432	1
1077	323	432	1
1078	367	432	1
1079	431	432	1
1080	49	433	1
1081	89	433	1
1082	109	433	1
1083	109	434	1
1084	184	434	1
1085	277	434	1
1086	312	434	1
1087	506	434	1
1088	818	434	1
1089	853	434	1
1090	855	434	1
1091	923	434	1
1092	925	434	1
1093	1035	434	1
1094	1184	434	1
1095	116	437	1
1096	120	437	1
1097	363	438	1
1098	436	438	1
1099	375	440	1
1100	462	440	1
1101	280	442	1
1102	697	442	1
1103	766	442	1
1104	1151	442	1
1105	244	443	1
1106	359	443	1
1107	443	443	1
1108	257	444	1
1109	165	445	1
1110	195	445	1
1111	242	445	1
1112	289	445	1
1113	327	445	1
1114	395	445	1
1115	61	446	1
1116	1007	447	1
1117	257	449	1
1118	436	449	1
1119	279	450	1
1120	367	450	1
1121	395	451	1
1122	241	452	1
1123	363	452	1
1124	166	455	1
1125	264	455	1
1126	375	455	1
1127	462	455	1
1128	264	456	1
1129	375	456	1
1130	462	456	1
1131	460	458	1
1132	99	459	1
1133	166	459	1
1134	395	459	1
1135	462	459	1
1136	100	460	1
1137	422	461	1
1138	461	461	1
1139	11	462	1
1140	151	462	1
1141	165	463	1
1142	289	463	1
1143	34	464	1
1144	120	464	1
1145	165	466	1
1146	176	467	1
1147	103	470	1
1148	358	470	1
1149	697	470	1
1150	427	472	1
1151	50	473	1
1152	247	475	1
1153	395	476	1
1154	50	477	1
1155	13	478	1
1156	79	478	1
1157	84	478	1
1158	222	478	1
1159	331	478	1
1160	367	478	1
1161	436	478	1
1162	247	479	1
1163	917	479	1
1164	859	480	1
1165	11	481	1
1166	151	481	1
1167	7	484	1
1168	941	484	1
1169	427	485	1
1170	375	486	1
1171	462	486	1
1172	184	487	1
1173	243	487	1
1174	312	487	1
1175	318	487	1
1176	818	487	1
1177	1035	487	1
1178	187	489	1
1179	859	490	1
1180	11	492	1
1181	151	492	1
1182	418	493	1
1183	460	495	1
1184	11	496	1
1185	120	496	1
1186	141	496	1
1187	151	496	1
1188	95	497	1
1189	141	497	1
1190	165	498	1
1191	323	499	1
1192	242	500	1
1193	249	500	1
1194	381	500	1
1195	506	500	1
1196	622	500	1
1197	994	500	1
1198	995	500	1
1199	999	500	1
1200	1152	500	1
1201	34	503	1
1202	637	503	1
1203	582	504	1
1204	109	506	1
1205	27	507	1
1206	50	507	1
1207	140	507	1
1208	233	507	1
1209	323	507	1
1210	923	508	1
1211	925	508	1
1212	40	509	1
1213	151	510	1
1214	401	510	1
1215	176	512	1
1216	241	512	1
1217	363	512	1
1218	460	515	1
1219	11	517	1
1220	151	517	1
1221	427	519	1
1222	27	521	1
1223	50	521	1
1224	323	521	1
1225	99	522	1
1226	395	522	1
1227	546	522	1
1228	614	522	1
1229	116	523	1
1230	120	523	1
1231	72	524	1
1232	274	524	1
1233	303	524	1
1234	422	524	1
1235	461	524	1
1236	988	524	1
1237	989	524	1
1238	990	524	1
1239	1167	524	1
1240	1168	524	1
1241	1169	524	1
1242	1170	524	1
1243	1171	524	1
1244	27	525	1
1245	50	525	1
1246	140	525	1
1247	233	525	1
1248	242	525	1
1249	257	525	1
1250	289	525	1
1251	323	525	1
1252	436	525	1
1253	187	527	1
1254	316	527	1
1255	328	529	1
1256	498	529	1
1257	1203	529	1
1258	46	530	1
1259	224	530	1
1260	257	530	1
1261	310	530	1
1262	122	531	1
1263	145	531	1
1264	27	535	1
1265	50	535	1
1266	323	535	1
1267	100	536	1
1268	35	538	1
1269	272	538	1
1270	280	538	1
1271	697	538	1
1272	766	538	1
1273	328	539	1
1274	1203	540	1
1275	328	541	1
1276	49	542	1
1277	242	542	1
1278	331	542	1
1279	436	542	1
1280	186	543	1
1281	367	544	1
1282	431	544	1
1283	279	545	1
1284	367	545	1
1285	431	545	1
1286	3	547	1
1287	49	547	1
1288	239	547	1
1289	318	547	1
1290	280	549	1
1291	358	549	1
1292	279	550	1
1293	367	550	1
1294	431	550	1
1295	242	551	1
1296	249	551	1
1297	453	551	1
1298	506	551	1
1299	994	551	1
1300	995	551	1
1301	999	551	1
1302	49	553	1
1303	99	553	1
1304	506	553	1
1305	184	554	1
1306	243	554	1
1307	318	554	1
1308	403	554	1
1309	419	554	1
1310	95	555	1
1311	116	555	1
1312	74	558	1
1313	460	560	1
1314	120	561	1
1315	49	562	1
1316	95	562	1
1317	99	562	1
1318	289	562	1
1319	395	562	1
1320	27	565	1
1321	50	565	1
1322	61	565	1
1323	140	565	1
1324	165	565	1
1325	166	565	1
1326	195	565	1
1327	224	565	1
1328	233	565	1
1329	257	565	1
1330	279	565	1
1331	289	565	1
1332	310	565	1
1333	323	565	1
1334	327	565	1
1335	329	565	1
1336	408	565	1
1337	431	565	1
1338	436	565	1
1339	262	566	1
1340	50	567	1
1341	323	567	1
1342	165	568	1
1343	166	568	1
1344	257	568	1
1345	279	568	1
1346	289	568	1
1347	310	568	1
1348	329	568	1
1349	367	568	1
1350	431	568	1
1351	27	570	1
1352	50	570	1
1353	99	570	1
1354	140	570	1
1355	233	570	1
1356	257	570	1
1357	279	570	1
1358	289	570	1
1359	323	570	1
1360	395	570	1
1361	431	570	1
1362	279	571	1
1363	367	571	1
1364	1165	571	1
1365	190	572	1
1366	419	573	1
1367	239	574	1
1368	291	574	1
1369	311	574	1
1370	318	574	1
1371	363	574	1
1372	461	574	1
1373	1162	574	1
1374	1163	574	1
1375	100	575	1
1376	176	575	1
1377	363	575	1
1378	367	575	1
1379	49	576	1
1380	289	576	1
1381	329	576	1
1382	408	576	1
1383	427	577	1
1384	546	580	1
1385	637	580	1
1386	647	580	1
1387	710	580	1
1388	100	581	1
1389	207	581	1
1390	226	581	1
1391	279	581	1
1392	311	581	1
1393	363	581	1
1394	274	582	1
1395	303	582	1
1396	461	582	1
1397	473	582	1
1398	476	582	1
1399	494	582	1
1400	986	582	1
1401	427	583	1
1402	49	585	1
1403	109	585	1
1404	68	586	1
1405	244	586	1
1406	359	586	1
1407	443	586	1
1408	331	587	1
1409	436	587	1
1410	68	588	1
1411	74	588	1
1412	460	588	1
1413	13	589	1
1414	84	589	1
1415	165	589	1
1416	166	589	1
1417	195	589	1
1418	222	589	1
1419	224	589	1
1420	257	589	1
1421	289	589	1
1422	310	589	1
1423	327	589	1
1424	329	589	1
1425	331	589	1
1426	375	589	1
1427	408	589	1
1428	436	589	1
1429	462	589	1
1430	291	591	1
1431	362	591	1
1432	453	591	1
1433	461	591	1
1434	99	593	1
1435	395	593	1
1436	184	594	1
1437	312	594	1
1438	109	595	1
1439	855	595	1
1440	68	596	1
1441	458	596	1
1442	303	597	1
1443	422	597	1
1444	461	597	1
1445	13	598	1
1446	84	598	1
1447	165	598	1
1448	166	598	1
1449	195	598	1
1450	222	598	1
1451	224	598	1
1452	257	598	1
1453	289	598	1
1454	310	598	1
1455	327	598	1
1456	329	598	1
1457	331	598	1
1458	369	598	1
1459	375	598	1
1460	408	598	1
1461	436	598	1
1462	462	598	1
1463	99	600	1
1464	395	600	1
1465	427	601	1
1466	461	602	1
1467	1167	602	1
1468	99	604	1
1469	395	604	1
1470	99	607	1
1471	395	607	1
1472	72	608	1
1473	303	608	1
1474	461	608	1
1475	988	608	1
1476	989	608	1
1477	990	608	1
1478	1167	608	1
1479	1168	608	1
1480	1169	608	1
1481	1170	608	1
1482	1171	608	1
1483	859	610	1
1484	49	611	1
1485	425	612	1
1486	571	613	1
1487	219	614	1
1488	363	614	1
1489	436	614	1
1490	460	615	1
1491	7	616	1
1492	13	617	1
1493	27	617	1
1494	50	617	1
1495	84	617	1
1496	140	617	1
1497	165	617	1
1498	166	617	1
1499	176	617	1
1500	195	617	1
1501	222	617	1
1502	233	617	1
1503	257	617	1
1504	289	617	1
1505	310	617	1
1506	323	617	1
1507	327	617	1
1508	329	617	1
1509	331	617	1
1510	369	617	1
1511	375	617	1
1512	408	617	1
1513	436	617	1
1514	462	617	1
1515	562	617	1
1516	27	618	1
1517	323	618	1
1518	424	618	1
1519	917	618	1
1520	17	619	1
1521	139	619	1
1522	46	622	1
1523	50	622	1
1524	436	622	1
1525	3	623	1
1526	245	623	1
1527	460	623	1
1528	291	624	1
1529	362	624	1
1530	453	624	1
1531	461	624	1
1532	13	625	1
1533	27	625	1
1534	50	625	1
1535	84	625	1
1536	140	625	1
1537	165	625	1
1538	166	625	1
1539	176	625	1
1540	195	625	1
1541	222	625	1
1542	233	625	1
1543	257	625	1
1544	289	625	1
1545	310	625	1
1546	323	625	1
1547	327	625	1
1548	329	625	1
1549	331	625	1
1550	369	625	1
1551	375	625	1
1552	436	625	1
1553	462	625	1
1554	562	625	1
1555	40	626	1
1556	224	627	1
1557	257	627	1
1558	279	627	1
1559	310	627	1
1560	431	627	1
1561	923	628	1
1562	925	628	1
1563	17	629	1
1564	139	629	1
1565	8	632	1
1566	114	632	1
1567	259	632	1
1568	460	634	1
1569	498	635	1
1570	14	638	1
1571	86	638	1
1572	114	638	1
1573	209	638	1
1574	259	638	1
1575	496	638	1
1576	497	638	1
1577	494	639	1
1578	986	639	1
1579	1165	639	1
1580	606	640	1
1581	316	641	1
1582	99	642	1
1583	395	642	1
1584	109	644	1
1585	243	645	1
1586	27	651	1
1587	323	651	1
1588	424	651	1
1589	125	652	1
1590	65	655	1
1591	247	655	1
1592	279	655	1
1593	289	655	1
1594	139	656	1
1595	923	656	1
1596	419	657	1
1597	40	659	1
1598	120	659	1
1599	609	659	1
1600	17	660	1
1601	82	660	1
1602	247	661	1
1603	68	662	1
1604	74	662	1
1605	113	662	1
1606	321	662	1
1607	27	663	1
1608	50	663	1
1609	323	663	1
1610	460	664	1
1611	280	668	1
1612	401	668	1
1613	72	669	1
1614	274	669	1
1615	303	669	1
1616	461	669	1
1617	988	669	1
1618	989	669	1
1619	990	669	1
1620	1167	669	1
1621	1168	669	1
1622	1169	669	1
1623	1170	669	1
1624	1171	669	1
1625	65	670	1
1626	165	670	1
1627	195	670	1
1628	279	670	1
1629	327	670	1
1630	367	670	1
1631	431	670	1
1632	923	670	1
1633	925	670	1
1634	27	672	1
1635	50	672	1
1636	140	672	1
1637	233	672	1
1638	323	672	1
1639	72	673	1
1640	274	673	1
1641	303	673	1
1642	461	673	1
1643	988	673	1
1644	989	673	1
1645	990	673	1
1646	1167	673	1
1647	1168	673	1
1648	1169	673	1
1649	1170	673	1
1650	1171	673	1
1651	90	676	1
1652	723	676	1
1653	320	677	1
1654	50	678	1
1655	166	678	1
1656	257	678	1
1657	436	678	1
1658	13	679	1
1659	257	679	1
1660	436	679	1
1661	280	681	1
1662	697	681	1
1663	766	681	1
1664	74	683	1
1665	65	684	1
1666	99	686	1
1667	395	686	1
1668	207	687	1
1669	279	687	1
1670	431	687	1
1671	277	690	1
1672	738	691	1
1673	176	692	1
1674	244	692	1
1675	279	692	1
1676	359	692	1
1677	431	692	1
1678	443	692	1
1679	59	693	1
1680	96	694	1
1681	167	694	1
1682	13	695	1
1683	61	695	1
1684	99	695	1
1685	165	695	1
1686	166	695	1
1687	195	695	1
1688	222	695	1
1689	224	695	1
1690	257	695	1
1691	289	695	1
1692	310	695	1
1693	327	695	1
1694	331	695	1
1695	369	695	1
1696	395	695	1
1697	436	695	1
1698	462	695	1
1699	562	695	1
1700	244	697	1
1701	359	697	1
1702	443	697	1
1703	1012	698	1
1704	498	699	1
1705	29	701	1
1706	74	703	1
1707	165	704	1
1708	289	704	1
1709	359	705	1
1710	443	705	1
1711	328	708	1
